"name";"Gender";"Eye color";"Race";"Hair color";"Height";"Publisher";"Skin color";"Alignment";"Weight"
"A-Bomb";"Male";"yellow";"Human";"No Hair";203.0;"Marvel Comics";"-";"good";441.0
"Abe Sapien";"Male";"blue";"Icthyo Sapien";"No Hair";191.0;"Dark Horse Comics";"blue";"good";65.0
"Abin Sur";"Male";"blue";"Ungaran";"No Hair";185.0;"DC Comics";"red";"good";90.0
"Abomination";"Male";"green";"Human / Radiation";"No Hair";203.0;"Marvel Comics";"-";"bad";441.0
"Abraxas";"Male";"blue";"Cosmic Entity";"Black";-99.0;"Marvel Comics";"-";"bad";-99.0
"Absorbing Man";"Male";"blue";"Human";"No Hair";193.0;"Marvel Comics";"-";"bad";122.0
"Adam Monroe";"Male";"blue";"-";"Blond";-99.0;"NBC - Heroes";"-";"good";-99.0
"Adam Strange";"Male";"blue";"Human";"Blond";185.0;"DC Comics";"-";"good";88.0
"Agent 13";"Female";"blue";"-";"Blond";173.0;"Marvel Comics";"-";"good";61.0
"Agent Bob";"Male";"brown";"Human";"Brown";178.0;"Marvel Comics";"-";"good";81.0
"Agent Zero";"Male";"-";"-";"-";191.0;"Marvel Comics";"-";"good";104.0
"Air-Walker";"Male";"blue";"-";"White";188.0;"Marvel Comics";"-";"bad";108.0
"Ajax";"Male";"brown";"Cyborg";"Black";193.0;"Marvel Comics";"-";"bad";90.0
"Alan Scott";"Male";"blue";"-";"Blond";180.0;"DC Comics";"-";"good";90.0
"Alex Mercer";"Male";"-";"Human";"-";-99.0;"Wildstorm";"-";"bad";-99.0
"Alex Woolsly";"Male";"-";"-";"-";-99.0;"NBC - Heroes";"-";"good";-99.0
"Alfred Pennyworth";"Male";"blue";"Human";"Black";178.0;"DC Comics";"-";"good";72.0
"Alien";"Male";"-";"Xenomorph XX121";"No Hair";244.0;"Dark Horse Comics";"black";"bad";169.0
"Allan Quatermain";"Male";"-";"-";"-";-99.0;"Wildstorm";"-";"good";-99.0
"Amazo";"Male";"red";"Android";"-";257.0;"DC Comics";"-";"bad";173.0
"Ammo";"Male";"brown";"Human";"Black";188.0;"Marvel Comics";"-";"bad";101.0
"Ando Masahashi";"Male";"-";"-";"-";-99.0;"NBC - Heroes";"-";"good";-99.0
"Angel";"Male";"blue";"-";"Blond";183.0;"Marvel Comics";"-";"good";68.0
"Angel";"Male";"-";"Vampire";"-";-99.0;"Dark Horse Comics";"-";"good";-99.0
"Angel Dust";"Female";"yellow";"Mutant";"Black";165.0;"Marvel Comics";"-";"good";57.0
"Angel Salvadore";"Female";"brown";"-";"Black";163.0;"Marvel Comics";"-";"good";54.0
"Angela";"Female";"-";"-";"-";-99.0;"Image Comics";"-";"bad";-99.0
"Animal Man";"Male";"blue";"Human";"Blond";183.0;"DC Comics";"-";"good";83.0
"Annihilus";"Male";"green";"-";"No Hair";180.0;"Marvel Comics";"-";"bad";90.0
"Ant-Man";"Male";"blue";"Human";"Blond";211.0;"Marvel Comics";"-";"good";122.0
"Ant-Man II";"Male";"blue";"Human";"Blond";183.0;"Marvel Comics";"-";"good";86.0
"Anti-Monitor";"Male";"yellow";"God / Eternal";"No Hair";61.0;"DC Comics";"-";"bad";-99.0
"Anti-Spawn";"Male";"-";"-";"-";-99.0;"Image Comics";"-";"bad";-99.0
"Anti-Venom";"Male";"blue";"Symbiote";"Blond";229.0;"Marvel Comics";"-";"-";358.0
"Apocalypse";"Male";"red";"Mutant";"Black";213.0;"Marvel Comics";"grey";"bad";135.0
"Aquababy";"Male";"blue";"-";"Blond";-99.0;"DC Comics";"-";"good";-99.0
"Aqualad";"Male";"blue";"Atlantean";"Black";178.0;"DC Comics";"-";"good";106.0
"Aquaman";"Male";"blue";"Atlantean";"Blond";185.0;"DC Comics";"-";"good";146.0
"Arachne";"Female";"blue";"Human";"Blond";175.0;"Marvel Comics";"-";"good";63.0
"Archangel";"Male";"blue";"Mutant";"Blond";183.0;"Marvel Comics";"blue";"good";68.0
"Arclight";"Female";"violet";"-";"Purple";173.0;"Marvel Comics";"-";"bad";57.0
"Ardina";"Female";"white";"Alien";"Orange";193.0;"Marvel Comics";"gold";"good";98.0
"Ares";"Male";"brown";"-";"Brown";185.0;"Marvel Comics";"-";"good";270.0
"Ariel";"Female";"purple";"-";"Pink";165.0;"Marvel Comics";"-";"good";59.0
"Armor";"Female";"black";"-";"Black";163.0;"Marvel Comics";"-";"good";50.0
"Arsenal";"Male";"-";"Human";"-";-99.0;"DC Comics";"-";"good";-99.0
"Astro Boy";"Male";"brown";"-";"Black";-99.0;"";"-";"good";-99.0
"Atlas";"Male";"brown";"Mutant";"Red";183.0;"Marvel Comics";"-";"good";101.0
"Atlas";"Male";"blue";"God / Eternal";"Brown";198.0;"DC Comics";"-";"bad";126.0
"Atom";"Male";"blue";"-";"Red";178.0;"DC Comics";"-";"good";68.0
"Atom";"Male";"-";"-";"-";-99.0;"DC Comics";"-";"good";-99.0
"Atom Girl";"Female";"black";"-";"Black";168.0;"DC Comics";"-";"good";54.0
"Atom II";"Male";"brown";"Human";"Auburn";183.0;"DC Comics";"-";"good";81.0
"Atom III";"Male";"-";"-";"Red";-99.0;"DC Comics";"-";"good";-99.0
"Atom IV";"Male";"brown";"-";"Black";-99.0;"DC Comics";"-";"good";72.0
"Aurora";"Female";"blue";"Mutant";"Black";180.0;"Marvel Comics";"-";"good";63.0
"Azazel";"Male";"yellow";"Neyaphem";"Black";183.0;"Marvel Comics";"red";"bad";67.0
"Azrael";"Male";"brown";"Human";"Black";-99.0;"DC Comics";"-";"good";-99.0
"Aztar";"Male";"-";"-";"-";-99.0;"DC Comics";"-";"good";-99.0
"Bane";"Male";"-";"Human";"-";203.0;"DC Comics";"-";"bad";180.0
"Banshee";"Male";"green";"Human";"Strawberry Blond";183.0;"Marvel Comics";"-";"good";77.0
"Bantam";"Male";"brown";"-";"Black";165.0;"Marvel Comics";"-";"good";54.0
"Batgirl";"Female";"-";"-";"-";-99.0;"DC Comics";"-";"good";-99.0
"Batgirl";"Female";"green";"Human";"Red";170.0;"DC Comics";"-";"good";57.0
"Batgirl III";"Female";"-";"-";"-";-99.0;"DC Comics";"-";"good";-99.0
"Batgirl IV";"Female";"green";"Human";"Black";165.0;"DC Comics";"-";"good";52.0
"Batgirl V";"Female";"-";"-";"-";-99.0;"DC Comics";"-";"good";-99.0
"Batgirl VI";"Female";"blue";"-";"Blond";168.0;"DC Comics";"-";"good";61.0
"Batman";"Male";"blue";"Human";"black";188.0;"DC Comics";"-";"good";95.0
"Batman";"Male";"blue";"Human";"Black";178.0;"DC Comics";"-";"good";77.0
"Batman II";"Male";"blue";"Human";"Black";178.0;"DC Comics";"-";"good";79.0
"Battlestar";"Male";"brown";"-";"Black";198.0;"Marvel Comics";"-";"good";133.0
"Batwoman V";"Female";"green";"Human";"Red";178.0;"DC Comics";"-";"good";-99.0
"Beak";"Male";"black";"-";"White";175.0;"Marvel Comics";"-";"good";63.0
"Beast";"Male";"blue";"Mutant";"Blue";180.0;"Marvel Comics";"blue";"good";181.0
"Beast Boy";"Male";"green";"Human";"Green";173.0;"DC Comics";"green";"good";68.0
"Beetle";"Male";"-";"-";"-";-99.0;"Marvel Comics";"-";"bad";-99.0
"Ben 10";"Male";"-";"-";"-";-99.0;"DC Comics";"-";"good";-99.0
"Beta Ray Bill";"Male";"-";"-";"No Hair";201.0;"Marvel Comics";"-";"good";216.0
"Beyonder";"Male";"-";"God / Eternal";"-";-99.0;"Marvel Comics";"-";"good";-99.0
"Big Barda";"Female";"blue";"New God";"Black";188.0;"DC Comics";"-";"bad";135.0
"Big Daddy";"Male";"-";"-";"-";-99.0;"Icon Comics";"-";"good";-99.0
"Big Man";"Male";"blue";"-";"Brown";165.0;"Marvel Comics";"-";"bad";71.0
"Bill Harken";"Male";"-";"Alpha";"-";-99.0;"SyFy";"-";"good";-99.0
"Billy Kincaid";"Male";"-";"-";"-";-99.0;"Image Comics";"-";"bad";-99.0
"Binary";"Female";"blue";"-";"Blond";180.0;"Marvel Comics";"-";"good";54.0
"Bionic Woman";"Female";"blue";"Cyborg";"Black";-99.0;"";"-";"good";-99.0
"Bird-Brain";"-";"-";"-";"-";-99.0;"Marvel Comics";"-";"good";-99.0
"Bird-Man";"Male";"-";"Human";"-";-99.0;"Marvel Comics";"-";"bad";-99.0
"Bird-Man II";"Male";"-";"Human";"-";-99.0;"Marvel Comics";"-";"bad";-99.0
"Birdman";"Male";"-";"God / Eternal";"-";-99.0;"Hanna-Barbera";"-";"good";-99.0
"Bishop";"Male";"brown";"Mutant";"No Hair";198.0;"Marvel Comics";"-";"good";124.0
"Bizarro";"Male";"black";"Bizarro";"Black";191.0;"DC Comics";"white";"neutral";155.0
"Black Abbott";"Male";"red";"-";"Black";-99.0;"Marvel Comics";"-";"bad";-99.0
"Black Adam";"Male";"brown";"-";"Black";191.0;"DC Comics";"-";"bad";113.0
"Black Bolt";"Male";"blue";"Inhuman";"Black";188.0;"Marvel Comics";"-";"good";95.0
"Black Canary";"Female";"blue";"Human";"Blond";165.0;"DC Comics";"-";"good";58.0
"Black Canary";"Female";"blue";"Metahuman";"Blond";170.0;"DC Comics";"-";"good";59.0
"Black Cat";"Female";"green";"Human";"Blond";178.0;"Marvel Comics";"-";"good";54.0
"Black Flash";"Male";"-";"God / Eternal";"-";-99.0;"DC Comics";"-";"neutral";-99.0
"Black Goliath";"Male";"-";"-";"-";-99.0;"Marvel Comics";"-";"good";-99.0
"Black Knight III";"Male";"brown";"Human";"Brown";183.0;"Marvel Comics";"-";"good";86.0
"Black Lightning";"Male";"brown";"-";"No Hair";185.0;"DC Comics";"-";"good";90.0
"Black Mamba";"Female";"green";"-";"Black";170.0;"Marvel Comics";"-";"bad";52.0
"Black Manta";"Male";"black";"Human";"No Hair";188.0;"DC Comics";"-";"bad";92.0
"Black Panther";"Male";"brown";"Human";"Black";183.0;"Marvel Comics";"-";"good";90.0
"Black Widow";"Female";"green";"Human";"Auburn";170.0;"Marvel Comics";"-";"good";59.0
"Black Widow II";"Female";"blue";"-";"Blond";170.0;"Marvel Comics";"-";"good";61.0
"Blackout";"Male";"red";"Demon";"White";191.0;"Marvel Comics";"white";"bad";104.0
"Blackwing";"Male";"blue";"-";"Black";185.0;"Marvel Comics";"-";"bad";86.0
"Blackwulf";"Male";"red";"Alien";"White";188.0;"Marvel Comics";"-";"-";88.0
"Blade";"Male";"brown";"Vampire";"Black";188.0;"Marvel Comics";"-";"good";97.0
"Blaquesmith";"-";"black";"-";"No Hair";-99.0;"Marvel Comics";"-";"good";-99.0
"Bling!";"Female";"-";"-";"-";168.0;"Marvel Comics";"-";"good";68.0
"Blink";"Female";"green";"Mutant";"Magenta";165.0;"Marvel Comics";"pink";"good";56.0
"Blizzard";"Male";"-";"-";"-";-99.0;"Marvel Comics";"-";"bad";-99.0
"Blizzard";"Male";"-";"-";"Brown";-99.0;"Marvel Comics";"-";"bad";-99.0
"Blizzard II";"Male";"brown";"-";"Brown";175.0;"Marvel Comics";"-";"bad";77.0
"Blob";"Male";"brown";"-";"Brown";178.0;"Marvel Comics";"-";"bad";230.0
"Bloodaxe";"Female";"blue";"Human";"Brown";218.0;"Marvel Comics";"-";"bad";495.0
"Bloodhawk";"Male";"black";"Mutant";"No Hair";-99.0;"Marvel Comics";"-";"good";-99.0
"Bloodwraith";"Male";"white";"-";"No Hair";30.5;"Marvel Comics";"-";"bad";-99.0
"Blue Beetle";"Male";"blue";"-";"Brown";-99.0;"DC Comics";"-";"good";-99.0
"Blue Beetle";"Male";"-";"-";"-";-99.0;"DC Comics";"-";"good";-99.0
"Blue Beetle II";"Male";"blue";"-";"Brown";183.0;"DC Comics";"-";"good";86.0
"Blue Beetle III";"Male";"brown";"Human";"Black";-99.0;"DC Comics";"-";"good";-99.0
"Boba Fett";"Male";"brown";"Human / Clone";"Black";183.0;"George Lucas";"-";"bad";-99.0
"Bolt";"Male";"-";"-";"-";-99.0;"Marvel Comics";"-";"good";-99.0
"Bomb Queen";"Female";"-";"-";"-";-99.0;"Image Comics";"-";"bad";-99.0
"Boom-Boom";"Female";"blue";"Mutant";"Blond";165.0;"Marvel Comics";"-";"good";55.0
"Boomer";"Female";"-";"-";"-";-99.0;"Marvel Comics";"-";"good";-99.0
"Booster Gold";"Male";"blue";"Human";"Blond";196.0;"DC Comics";"-";"good";97.0
"Box";"Male";"-";"-";"-";-99.0;"Marvel Comics";"-";"good";-99.0
"Box III";"-";"blue";"-";"Blond";193.0;"Marvel Comics";"-";"good";110.0
"Box IV";"-";"brown";"-";"Brown / Black";-99.0;"Marvel Comics";"-";"good";-99.0
"Brainiac";"Male";"green";"Android";"No Hair";198.0;"DC Comics";"green";"bad";135.0
"Brainiac 5";"Male";"green";"-";"Blond";170.0;"DC Comics";"-";"good";61.0
"Brother Voodoo";"Male";"brown";"Human";"Brown / White";183.0;"Marvel Comics";"-";"good";99.0
"Brundlefly";"Male";"-";"Mutant";"-";193.0;"";"-";"-";-99.0
"Buffy";"Female";"green";"Human";"Blond";157.0;"Dark Horse Comics";"-";"good";52.0
"Bullseye";"Male";"blue";"Human";"blond";183.0;"Marvel Comics";"-";"bad";90.0
"Bumblebee";"Female";"brown";"Human";"Black";170.0;"DC Comics";"-";"good";59.0
"Bumbleboy";"Male";"-";"-";"-";-99.0;"Marvel Comics";"-";"good";-99.0
"Bushido";"Male";"-";"Human";"-";-99.0;"DC Comics";"-";"good";-99.0
"Cable";"Male";"blue";"Mutant";"White";203.0;"Marvel Comics";"-";"good";158.0
"Callisto";"Female";"blue";"-";"Black";175.0;"Marvel Comics";"-";"bad";74.0
"Cameron Hicks";"Male";"-";"Alpha";"-";-99.0;"SyFy";"-";"good";-99.0
"Cannonball";"Male";"blue";"-";"Blond";183.0;"Marvel Comics";"-";"good";81.0
"Captain America";"Male";"blue";"Human";"blond";188.0;"Marvel Comics";"-";"good";108.0
"Captain Atom";"Male";"blue";"Human / Radiation";"Silver";193.0;"DC Comics";"silver";"good";90.0
"Captain Britain";"Male";"blue";"Human";"Blond";198.0;"Marvel Comics";"-";"good";116.0
"Captain Cold";"Male";"brown";"Human";"Brown";-99.0;"DC Comics";"-";"neutral";-99.0
"Captain Epic";"Male";"blue";"-";"Brown";188.0;"Team Epic TV";"-";"good";-99.0
"Captain Hindsight";"Male";"-";"Human";"Black";-99.0;"South Park";"-";"good";-99.0
"Captain Mar-vell";"Male";"blue";"-";"Blond";188.0;"Marvel Comics";"-";"good";108.0
"Captain Marvel";"Female";"blue";"Human-Kree";"Blond";180.0;"Marvel Comics";"-";"good";74.0
"Captain Marvel";"Male";"blue";"Human";"Black";193.0;"DC Comics";"-";"good";101.0
"Captain Marvel II";"Male";"blue";"Human";"Black";175.0;"DC Comics";"-";"good";74.0
"Captain Midnight";"Male";"-";"Human";"-";-99.0;"Dark Horse Comics";"-";"good";-99.0
"Captain Planet";"Male";"red";"God / Eternal";"Green";-99.0;"Marvel Comics";"-";"good";-99.0
"Captain Universe";"-";"-";"God / Eternal";"-";-99.0;"Marvel Comics";"-";"good";-99.0
"Carnage";"Male";"green";"Symbiote";"Red";185.0;"Marvel Comics";"-";"bad";86.0
"Cat";"Female";"blue";"-";"Blond";173.0;"Marvel Comics";"-";"good";61.0
"Cat II";"Female";"-";"-";"-";-99.0;"Marvel Comics";"-";"good";-99.0
"Catwoman";"Female";"green";"Human";"Black";175.0;"DC Comics";"-";"good";61.0
"Cecilia Reyes";"-";"brown";"-";"Brown";170.0;"Marvel Comics";"-";"good";62.0
"Century";"Male";"white";"Alien";"White";201.0;"Marvel Comics";"grey";"good";97.0
"Cerebra";"Female";"-";"Mutant";"-";-99.0;"Marvel Comics";"-";"good";-99.0
"Chamber";"Male";"brown";"Mutant";"Brown";175.0;"Marvel Comics";"-";"good";63.0
"Chameleon";"Male";"-";"-";"-";-99.0;"DC Comics";"-";"bad";-99.0
"Changeling";"Male";"brown";"-";"Black";180.0;"Marvel Comics";"-";"bad";81.0
"Cheetah";"Female";"green";"Human";"Blond";163.0;"DC Comics";"-";"bad";50.0
"Cheetah II";"Female";"green";"Human";"Brown";170.0;"DC Comics";"-";"bad";55.0
"Cheetah III";"Female";"brown";"Human";"Brown";175.0;"DC Comics";"-";"bad";54.0
"Chromos";"Male";"brown";"-";"Red / Grey";185.0;"Team Epic TV";"-";"bad";86.0
"Chuck Norris";"Male";"-";"-";"-";178.0;"";"-";"good";-99.0
"Citizen Steel";"Male";"green";"Human";"Red";183.0;"DC Comics";"-";"good";170.0
"Claire Bennet";"Female";"blue";"-";"Blond";-99.0;"NBC - Heroes";"-";"good";-99.0
"Clea";"-";"-";"-";"White";-99.0;"Marvel Comics";"-";"good";-99.0
"Cloak";"Male";"brown";"-";"black";226.0;"Marvel Comics";"-";"good";70.0
"Clock King";"Male";"blue";"Human";"Black";178.0;"DC Comics";"-";"bad";78.0
"Cogliostro";"Male";"-";"-";"-";-99.0;"Image Comics";"-";"bad";-99.0
"Colin Wagner";"Male";"grey";"-";"Brown";-99.0;"HarperCollins";"-";"good";-99.0
"Colossal Boy";"Male";"-";"-";"-";-99.0;"DC Comics";"-";"good";-99.0
"Colossus";"Male";"silver";"Mutant";"Black";226.0;"Marvel Comics";"-";"good";225.0
"Copycat";"Female";"red";"Mutant";"White";183.0;"Marvel Comics";"blue";"neutral";67.0
"Corsair";"Male";"brown";"-";"Brown";191.0;"Marvel Comics";"-";"good";79.0
"Cottonmouth";"Male";"brown";"Human";"Black";183.0;"Marvel Comics";"-";"bad";99.0
"Crimson Crusader";"Male";"blue";"-";"Strawberry Blond";-99.0;"Marvel Comics";"-";"good";-99.0
"Crimson Dynamo";"Male";"brown";"-";"No Hair";180.0;"Marvel Comics";"-";"good";104.0
"Crystal";"Female";"green";"Inhuman";"Red";168.0;"Marvel Comics";"-";"good";50.0
"Curse";"Male";"-";"-";"-";-99.0;"Image Comics";"-";"bad";-99.0
"Cy-Gor";"Male";"-";"-";"-";-99.0;"Image Comics";"-";"bad";-99.0
"Cyborg";"Male";"brown";"Cyborg";"Black";198.0;"DC Comics";"-";"good";173.0
"Cyborg Superman";"Male";"blue";"Cyborg";"Black";-99.0;"DC Comics";"-";"bad";-99.0
"Cyclops";"Male";"brown";"Mutant";"Brown";191.0;"Marvel Comics";"-";"good";88.0
"Cypher";"-";"blue";"-";"Blond";175.0;"Marvel Comics";"-";"good";68.0
"Dagger";"Female";"blue";"-";"Blond";165.0;"Marvel Comics";"-";"good";52.0
"Danny Cooper";"Male";"brown";"-";"Blond";-99.0;"HarperCollins";"-";"good";-99.0
"Daphne Powell";"Female";"-";"-";"-";-99.0;"ABC Studios";"-";"good";-99.0
"Daredevil";"Male";"blue";"Human";"Red";183.0;"Marvel Comics";"-";"good";90.0
"Darkhawk";"Male";"brown";"Human";"Brown";185.0;"Marvel Comics";"-";"good";81.0
"Darkman";"Male";"-";"-";"-";-99.0;"Universal Studios";"-";"good";-99.0
"Darkseid";"Male";"red";"New God";"No Hair";267.0;"DC Comics";"grey";"bad";817.0
"Darkside";"-";"-";"-";"-";-99.0;"";"-";"bad";-99.0
"Darkstar";"Female";"brown";"Mutant";"Blond";168.0;"Marvel Comics";"-";"good";56.0
"Darth Maul";"Male";"yellow / red";"Dathomirian Zabrak";"-";170.0;"George Lucas";"red / black";"bad";-99.0
"Darth Vader";"Male";"yellow";"Cyborg";"No Hair";198.0;"George Lucas";"-";"bad";135.0
"Dash";"Male";"blue";"Human";"Blond";122.0;"Dark Horse Comics";"-";"good";27.0
"Data";"Male";"yellow";"Android";"Brown";-99.0;"Star Trek";"-";"good";-99.0
"Dazzler";"Female";"blue";"Mutant";"Blond";173.0;"Marvel Comics";"-";"good";52.0
"Deadman";"Male";"blue";"Human";"Black";183.0;"DC Comics";"-";"good";90.0
"Deadpool";"Male";"brown";"Mutant";"No Hair";188.0;"Marvel Comics";"-";"neutral";95.0
"Deadshot";"Male";"brown";"Human";"Brown";185.0;"DC Comics";"-";"bad";91.0
"Deathlok";"Male";"brown";"Cyborg";"Grey";193.0;"Marvel Comics";"-";"good";178.0
"Deathstroke";"Male";"blue";"Human";"White";193.0;"DC Comics";"-";"neutral";101.0
"Demogoblin";"Male";"red";"Demon";"No Hair";185.0;"Marvel Comics";"-";"bad";95.0
"Destroyer";"Male";"-";"-";"-";188.0;"Marvel Comics";"-";"bad";383.0
"Diamondback";"Male";"brown";"Human";"Black";193.0;"Marvel Comics";"-";"bad";90.0
"DL Hawkins";"Male";"-";"-";"-";-99.0;"NBC - Heroes";"-";"good";-99.0
"Doc Samson";"Male";"blue";"Human / Radiation";"Green";198.0;"Marvel Comics";"-";"good";171.0
"Doctor Doom";"Male";"brown";"Human";"Brown";201.0;"Marvel Comics";"-";"bad";187.0
"Doctor Doom II";"Male";"brown";"-";"Brown";201.0;"Marvel Comics";"-";"bad";132.0
"Doctor Fate";"Male";"blue";"Human";"Blond";188.0;"DC Comics";"-";"good";89.0
"Doctor Octopus";"Male";"brown";"Human";"Brown";175.0;"Marvel Comics";"-";"bad";110.0
"Doctor Strange";"Male";"grey";"Human";"Black";188.0;"Marvel Comics";"-";"good";81.0
"Domino";"Female";"blue";"Human";"Black";173.0;"Marvel Comics";"white";"good";54.0
"Donatello";"Male";"green";"Mutant";"No Hair";-99.0;"IDW Publishing";"green";"good";-99.0
"Donna Troy";"Female";"blue";"Amazon";"Black";175.0;"DC Comics";"-";"good";63.0
"Doomsday";"Male";"red";"Alien";"White";244.0;"DC Comics";"-";"bad";412.0
"Doppelganger";"Male";"white";"-";"No Hair";196.0;"Marvel Comics";"-";"bad";104.0
"Dormammu";"Male";"yellow";"-";"No Hair";185.0;"Marvel Comics";"-";"bad";-99.0
"Dr Manhattan";"Male";"white";"Human / Cosmic";"No Hair";-99.0;"DC Comics";"blue";"good";-99.0
"Drax the Destroyer";"Male";"red";"Human / Altered";"No Hair";193.0;"Marvel Comics";"green";"good";306.0
"Ego";"-";"-";"-";"-";-99.0;"Marvel Comics";"-";"bad";-99.0
"Elastigirl";"Female";"brown";"Human";"Brown";168.0;"Dark Horse Comics";"-";"good";56.0
"Electro";"Male";"blue";"Human";"Auburn";180.0;"Marvel Comics";"-";"bad";74.0
"Elektra";"Female";"blue";"Human";"Black";175.0;"Marvel Comics";"-";"good";59.0
"Elle Bishop";"Female";"blue";"-";"Blond";-99.0;"NBC - Heroes";"-";"bad";-99.0
"Elongated Man";"Male";"blue";"-";"Red";185.0;"DC Comics";"-";"good";80.0
"Emma Frost";"Female";"blue";"-";"Blond";178.0;"Marvel Comics";"-";"good";65.0
"Enchantress";"Female";"blue";"Human";"Blond";168.0;"DC Comics";"-";"good";57.0
"Energy";"Female";"-";"-";"-";-99.0;"HarperCollins";"-";"good";-99.0
"ERG-1";"Male";"-";"-";"-";-99.0;"DC Comics";"-";"good";-99.0
"Ethan Hunt";"Male";"brown";"Human";"Brown";168.0;"";"-";"good";-99.0
"Etrigan";"Male";"red";"Demon";"No Hair";193.0;"DC Comics";"yellow";"neutral";203.0
"Evil Deadpool";"Male";"white";"Mutant";"Red";188.0;"Marvel Comics";"-";"bad";95.0
"Evilhawk";"Male";"red";"Alien";"Black";191.0;"Marvel Comics";"green";"bad";106.0
"Exodus";"Male";"blue";"Mutant";"Black";183.0;"Marvel Comics";"red";"bad";88.0
"Fabian Cortez";"-";"blue";"-";"Brown";196.0;"Marvel Comics";"-";"bad";96.0
"Falcon";"Male";"brown";"Human";"Black";188.0;"Marvel Comics";"-";"good";108.0
"Fallen One II";"Male";"black";"-";"Blue";-99.0;"Marvel Comics";"-";"bad";-99.0
"Faora";"Female";"-";"Kryptonian";"-";-99.0;"DC Comics";"-";"bad";-99.0
"Feral";"-";"yellow (without irises)";"-";"Orange / White";175.0;"Marvel Comics";"-";"good";50.0
"Fighting Spirit";"Female";"-";"-";"Red";-99.0;"DC Comics";"-";"good";-99.0
"Fin Fang Foom";"Male";"red";"Kakarantharaian";"No Hair";975.0;"Marvel Comics";"green";"good";18.0
"Firebird";"Female";"brown";"-";"Black";165.0;"Marvel Comics";"-";"good";56.0
"Firelord";"-";"white";"-";"Yellow";193.0;"Marvel Comics";"-";"good";99.0
"Firestar";"Female";"green";"Mutant";"Red";173.0;"Marvel Comics";"-";"good";56.0
"Firestorm";"Male";"brown";"-";"Black";-99.0;"DC Comics";"-";"good";-99.0
"Firestorm";"Male";"blue";"Human";"Auburn";188.0;"DC Comics";"-";"good";91.0
"Fixer";"-";"red";"-";"No Hair";-99.0;"Marvel Comics";"-";"bad";-99.0
"Flash";"Male";"blue";"Human";"Brown / White";180.0;"DC Comics";"-";"good";81.0
"Flash Gordon";"Male";"-";"-";"-";-99.0;"";"-";"good";-99.0
"Flash II";"Male";"blue";"Human";"Blond";183.0;"DC Comics";"-";"good";88.0
"Flash III";"Male";"-";"Human";"-";183.0;"DC Comics";"-";"good";86.0
"Flash IV";"Male";"yellow";"Human";"Auburn";157.0;"DC Comics";"-";"good";52.0
"Forge";"-";"brown";"-";"Black";183.0;"Marvel Comics";"-";"good";81.0
"Franklin Richards";"Male";"blue";"Mutant";"Blond";142.0;"Marvel Comics";"-";"good";45.0
"Franklin Storm";"-";"blue";"-";"Grey";188.0;"Marvel Comics";"-";"good";92.0
"Frenzy";"Female";"brown";"-";"Black";211.0;"Marvel Comics";"-";"bad";104.0
"Frigga";"Female";"blue";"-";"White";180.0;"Marvel Comics";"-";"good";167.0
"Galactus";"Male";"black";"Cosmic Entity";"Black";876.0;"Marvel Comics";"-";"neutral";16.0
"Gambit";"Male";"red";"Mutant";"Brown";185.0;"Marvel Comics";"-";"good";81.0
"Gamora";"Female";"yellow";"Zen-Whoberian";"Black";183.0;"Marvel Comics";"green";"good";77.0
"Garbage Man";"Male";"-";"Mutant";"-";-99.0;"DC Comics";"-";"good";-99.0
"Gary Bell";"Male";"-";"Alpha";"-";-99.0;"SyFy";"-";"good";-99.0
"General Zod";"Male";"black";"Kryptonian";"Black";-99.0;"DC Comics";"-";"bad";-99.0
"Genesis";"Male";"blue";"-";"Blond";185.0;"Marvel Comics";"-";"good";86.0
"Ghost Rider";"Male";"red";"Demon";"No Hair";188.0;"Marvel Comics";"-";"good";99.0
"Ghost Rider II";"-";"-";"-";"-";-99.0;"Marvel Comics";"-";"good";-99.0
"Giant-Man";"Male";"-";"Human";"-";-99.0;"Marvel Comics";"-";"good";-99.0
"Giant-Man II";"Male";"-";"-";"-";-99.0;"Marvel Comics";"-";"good";-99.0
"Giganta";"Female";"green";"-";"Red";62.5;"DC Comics";"-";"bad";630.0
"Gladiator";"Male";"blue";"Strontian";"Blue";198.0;"Marvel Comics";"purple";"neutral";268.0
"Goblin Queen";"Female";"green";"-";"Red";168.0;"Marvel Comics";"-";"bad";50.0
"Godzilla";"-";"-";"Kaiju";"-";108.0;"";"grey";"bad";0.0
"Gog";"Male";"-";"-";"-";-99.0;"DC Comics";"-";"bad";-99.0
"Goku";"Male";"-";"Saiyan";"-";175.0;"Shueisha";"-";"good";62.0
"Goliath";"Male";"-";"-";"-";-99.0;"Marvel Comics";"-";"good";-99.0
"Goliath";"Male";"-";"Human";"-";-99.0;"Marvel Comics";"-";"good";-99.0
"Goliath";"Male";"-";"Human";"-";-99.0;"Marvel Comics";"-";"good";-99.0
"Goliath IV";"Male";"brown";"-";"Black";183.0;"Marvel Comics";"-";"good";90.0
"Gorilla Grodd";"Male";"yellow";"Gorilla";"Black";198.0;"DC Comics";"-";"bad";270.0
"Granny Goodness";"Female";"blue";"-";"White";178.0;"DC Comics";"-";"bad";115.0
"Gravity";"Male";"blue";"Human";"Brown";178.0;"Marvel Comics";"-";"good";79.0
"Greedo";"Male";"purple";"Rodian";"-";170.0;"George Lucas";"green";"bad";-99.0
"Green Arrow";"Male";"green";"Human";"Blond";188.0;"DC Comics";"-";"good";88.0
"Green Goblin";"Male";"blue";"Human";"Auburn";180.0;"Marvel Comics";"-";"bad";83.0
"Green Goblin II";"Male";"blue";"-";"Auburn";178.0;"Marvel Comics";"-";"bad";77.0
"Green Goblin III";"Male";"-";"-";"-";183.0;"Marvel Comics";"-";"good";88.0
"Green Goblin IV";"Male";"green";"-";"Brown";178.0;"Marvel Comics";"-";"good";79.0
"Groot";"Male";"yellow";"Flora Colossus";"-";701.0;"Marvel Comics";"-";"good";4.0
"Guardian";"Male";"brown";"Human";"Black";-99.0;"Marvel Comics";"-";"good";-99.0
"Guy Gardner";"Male";"blue";"Human-Vuldarian";"Red";188.0;"DC Comics";"-";"good";95.0
"Hal Jordan";"Male";"brown";"Human";"Brown";188.0;"DC Comics";"-";"good";90.0
"Han Solo";"Male";"brown";"Human";"Brown";183.0;"George Lucas";"-";"good";79.0
"Hancock";"Male";"brown";"Human";"Black";188.0;"Sony Pictures";"-";"good";-99.0
"Harley Quinn";"Female";"blue";"Human";"Blond";170.0;"DC Comics";"-";"bad";63.0
"Harry Potter";"Male";"green";"Human";"Black";-99.0;"J. K. Rowling";"-";"good";-99.0
"Havok";"Male";"blue";"Mutant";"Blond";183.0;"Marvel Comics";"-";"good";79.0
"Hawk";"Male";"red";"-";"Brown";185.0;"DC Comics";"-";"good";89.0
"Hawkeye";"Male";"blue";"Human";"Blond";191.0;"Marvel Comics";"-";"good";104.0
"Hawkeye II";"Female";"blue";"Human";"Black";165.0;"Marvel Comics";"-";"good";57.0
"Hawkgirl";"Female";"green";"-";"Red";175.0;"DC Comics";"-";"good";61.0
"Hawkman";"Male";"blue";"-";"Brown";185.0;"DC Comics";"-";"good";88.0
"Hawkwoman";"Female";"green";"-";"Red";175.0;"DC Comics";"-";"good";54.0
"Hawkwoman II";"Female";"-";"-";"-";-99.0;"DC Comics";"-";"good";-99.0
"Hawkwoman III";"Female";"blue";"-";"Red";170.0;"DC Comics";"-";"good";65.0
"Heat Wave";"Male";"blue";"Human";"No Hair";180.0;"DC Comics";"-";"bad";81.0
"Hela";"Female";"green";"Asgardian";"Black";213.0;"Marvel Comics";"-";"bad";225.0
"Hellboy";"Male";"gold";"Demon";"Black";259.0;"Dark Horse Comics";"-";"good";158.0
"Hellcat";"Female";"blue";"Human";"Red";173.0;"Marvel Comics";"-";"good";61.0
"Hellstorm";"Male";"red";"-";"Red";185.0;"Marvel Comics";"-";"good";81.0
"Hercules";"Male";"blue";"Demi-God";"Brown";196.0;"Marvel Comics";"-";"good";146.0
"Hiro Nakamura";"Male";"-";"-";"-";-99.0;"NBC - Heroes";"-";"good";-99.0
"Hit-Girl";"Female";"-";"Human";"-";-99.0;"Icon Comics";"-";"good";-99.0
"Hobgoblin";"Male";"blue";"-";"Grey";180.0;"Marvel Comics";"-";"bad";83.0
"Hollow";"Female";"blue";"-";"Red";170.0;"Marvel Comics";"-";"good";-99.0
"Hope Summers";"Female";"green";"-";"Red";168.0;"Marvel Comics";"-";"good";48.0
"Howard the Duck";"Male";"brown";"-";"Yellow";79.0;"Marvel Comics";"-";"good";18.0
"Hulk";"Male";"green";"Human / Radiation";"Green";244.0;"Marvel Comics";"green";"good";630.0
"Human Torch";"Male";"blue";"Human / Radiation";"Blond";178.0;"Marvel Comics";"-";"good";77.0
"Huntress";"Female";"blue";"-";"Black";180.0;"DC Comics";"-";"good";59.0
"Husk";"Female";"blue";"Mutant";"Blond";170.0;"Marvel Comics";"-";"good";58.0
"Hybrid";"Male";"brown";"Symbiote";"Black";175.0;"Marvel Comics";"-";"good";77.0
"Hydro-Man";"Male";"brown";"-";"Brown";188.0;"Marvel Comics";"-";"bad";119.0
"Hyperion";"Male";"blue";"Eternal";"Red";183.0;"Marvel Comics";"-";"good";207.0
"Iceman";"Male";"brown";"Mutant";"Brown";173.0;"Marvel Comics";"-";"good";65.0
"Impulse";"Male";"yellow";"Human";"Auburn";170.0;"DC Comics";"-";"good";65.0
"Indiana Jones";"Male";"-";"Human";"-";183.0;"George Lucas";"-";"good";79.0
"Indigo";"Female";"-";"Alien";"Purple";-99.0;"DC Comics";"-";"neutral";-99.0
"Ink";"Male";"blue";"Mutant";"No Hair";180.0;"Marvel Comics";"-";"good";81.0
"Invisible Woman";"Female";"blue";"Human / Radiation";"Blond";168.0;"Marvel Comics";"-";"good";54.0
"Iron Fist";"Male";"blue";"Human";"Blond";180.0;"Marvel Comics";"-";"good";79.0
"Iron Man";"Male";"blue";"Human";"Black";198.0;"Marvel Comics";"-";"good";191.0
"Iron Monger";"Male";"blue";"-";"No Hair";-99.0;"Marvel Comics";"-";"bad";2.0
"Isis";"Female";"-";"-";"-";-99.0;"DC Comics";"-";"good";-99.0
"Jack Bauer";"Male";"-";"-";"-";-99.0;"";"-";"good";-99.0
"Jack of Hearts";"Male";"blue / white";"Human";"Brown";155.0;"Marvel Comics";"-";"good";79.0
"Jack-Jack";"Male";"blue";"Human";"Brown";71.0;"Dark Horse Comics";"-";"good";14.0
"James Bond";"Male";"blue";"Human";"Blond";183.0;"Titan Books";"-";"good";-99.0
"James T. Kirk";"Male";"hazel";"Human";"Brown";178.0;"Star Trek";"-";"good";77.0
"Jar Jar Binks";"Male";"yellow";"Gungan";"-";193.0;"George Lucas";"orange / white";"good";-99.0
"Jason Bourne";"Male";"-";"Human";"-";-99.0;"";"-";"good";-99.0
"Jean Grey";"Female";"green";"Mutant";"Red";168.0;"Marvel Comics";"-";"good";52.0
"Jean-Luc Picard";"Male";"-";"Human";"-";-99.0;"Star Trek";"-";"good";-99.0
"Jennifer Kale";"Female";"blue";"-";"Blond";168.0;"Marvel Comics";"-";"good";55.0
"Jesse Quick";"Female";"-";"Human";"-";-99.0;"DC Comics";"-";"good";-99.0
"Jessica Cruz";"Female";"green";"Human";"Brown";-99.0;"DC Comics";"-";"good";-99.0
"Jessica Jones";"Female";"brown";"Human";"Brown";170.0;"Marvel Comics";"-";"good";56.0
"Jessica Sanders";"Female";"-";"-";"-";-99.0;"NBC - Heroes";"-";"good";-99.0
"Jigsaw";"Male";"blue";"-";"Black";188.0;"Marvel Comics";"-";"bad";113.0
"Jim Powell";"Male";"-";"-";"-";-99.0;"ABC Studios";"-";"good";-99.0
"JJ Powell";"Male";"-";"-";"-";-99.0;"ABC Studios";"-";"good";-99.0
"Johann Krauss";"Male";"-";"-";"-";-99.0;"Dark Horse Comics";"-";"good";-99.0
"John Constantine";"Male";"blue";"Human";"Blond";183.0;"DC Comics";"-";"good";-99.0
"John Stewart";"Male";"green";"Human";"Black";185.0;"DC Comics";"-";"good";90.0
"John Wraith";"Male";"brown";"-";"Black";183.0;"Marvel Comics";"-";"good";88.0
"Joker";"Male";"green";"Human";"Green";196.0;"DC Comics";"white";"bad";86.0
"Jolt";"Female";"blue";"-";"Black";165.0;"Marvel Comics";"-";"good";49.0
"Jubilee";"Female";"red";"Mutant";"Black";165.0;"Marvel Comics";"-";"good";52.0
"Judge Dredd";"Male";"-";"Human";"-";188.0;"Rebellion";"-";"good";-99.0
"Juggernaut";"Male";"blue";"Human";"Red";287.0;"Marvel Comics";"-";"neutral";855.0
"Junkpile";"Male";"-";"Mutant";"-";-99.0;"Marvel Comics";"-";"bad";-99.0
"Justice";"Male";"hazel";"Human";"Brown";178.0;"Marvel Comics";"-";"good";81.0
"Jyn Erso";"Female";"green";"Human";"Brown";-99.0;"George Lucas";"-";"good";-99.0
"K-2SO";"Male";"white";"Android";"No Hair";213.0;"George Lucas";"gray";"good";-99.0
"Kang";"Male";"brown";"-";"Brown";191.0;"Marvel Comics";"-";"bad";104.0
"Karate Kid";"Male";"brown";"Human";"Brown";173.0;"DC Comics";"-";"good";72.0
"Kathryn Janeway";"Female";"-";"Human";"-";-99.0;"Star Trek";"-";"good";-99.0
"Katniss Everdeen";"Female";"-";"Human";"-";-99.0;"";"-";"good";-99.0
"Kevin 11";"Male";"-";"Human";"Black";-99.0;"DC Comics";"-";"good";-99.0
"Kick-Ass";"Male";"blue";"Human";"Blond";-99.0;"Icon Comics";"-";"good";-99.0
"Kid Flash";"Male";"green";"Human";"Red";-99.0;"DC Comics";"-";"good";-99.0
"Kid Flash II";"Male";"-";"-";"-";-99.0;"DC Comics";"-";"good";-99.0
"Killer Croc";"Male";"red";"Metahuman";"No Hair";244.0;"DC Comics";"green";"bad";356.0
"Killer Frost";"Female";"blue";"Human";"Blond";-99.0;"DC Comics";"blue";"bad";-99.0
"Kilowog";"Male";"red";"Bolovaxian";"No Hair";234.0;"DC Comics";"pink";"good";324.0
"King Kong";"Male";"yellow";"Animal";"Black";30.5;"";"-";"good";0.0
"King Shark";"Male";"black";"Animal";"No Hair";-99.0;"DC Comics";"-";"bad";-99.0
"Kingpin";"Male";"blue";"Human";"No Hair";201.0;"Marvel Comics";"-";"bad";203.0
"Klaw";"Male";"red";"Human";"No Hair";188.0;"Marvel Comics";"red";"bad";97.0
"Kool-Aid Man";"Male";"black";"-";"No Hair";-99.0;"";"red";"good";-99.0
"Kraven II";"Male";"brown";"Human";"Black";191.0;"Marvel Comics";"-";"bad";99.0
"Kraven the Hunter";"Male";"brown";"Human";"Black";183.0;"Marvel Comics";"-";"bad";106.0
"Krypto";"Male";"blue";"Kryptonian";"White";64.0;"DC Comics";"-";"good";18.0
"Kyle Rayner";"Male";"green";"Human";"Black";180.0;"DC Comics";"-";"good";79.0
"Kylo Ren";"Male";"-";"Human";"-";-99.0;"George Lucas";"-";"bad";-99.0
"Lady Bullseye";"Female";"-";"-";"Black";-99.0;"Marvel Comics";"-";"bad";-99.0
"Lady Deathstrike";"Female";"brown";"Cyborg";"Black";175.0;"Marvel Comics";"-";"bad";58.0
"Leader";"Male";"green";"-";"No Hair";178.0;"Marvel Comics";"-";"bad";63.0
"Leech";"Male";"-";"-";"-";-99.0;"Marvel Comics";"-";"good";-99.0
"Legion";"Male";"green / blue";"Mutant";"Black";175.0;"Marvel Comics";"-";"good";59.0
"Leonardo";"Male";"blue";"Mutant";"No Hair";-99.0;"IDW Publishing";"green";"good";-99.0
"Lex Luthor";"Male";"green";"Human";"No Hair";188.0;"DC Comics";"-";"bad";95.0
"Light Lass";"Female";"blue";"-";"Red";165.0;"DC Comics";"-";"good";54.0
"Lightning Lad";"Male";"blue";"-";"Red";155.0;"DC Comics";"-";"good";65.0
"Lightning Lord";"Male";"blue";"-";"Red";191.0;"DC Comics";"-";"bad";95.0
"Living Brain";"-";"yellow";"-";"-";198.0;"Marvel Comics";"-";"bad";360.0
"Living Tribunal";"-";"blue";"Cosmic Entity";"No Hair";-99.0;"Marvel Comics";"gold";"neutral";-99.0
"Liz Sherman";"Female";"-";"-";"-";-99.0;"Dark Horse Comics";"-";"good";-99.0
"Lizard";"Male";"red";"Human";"No Hair";203.0;"Marvel Comics";"-";"bad";230.0
"Lobo";"Male";"red";"Czarnian";"Black";229.0;"DC Comics";"blue-white";"neutral";288.0
"Loki";"Male";"green";"Asgardian";"Black";193.0;"Marvel Comics";"-";"bad";236.0
"Longshot";"Male";"blue";"Human";"Blond";188.0;"Marvel Comics";"-";"good";36.0
"Luke Cage";"Male";"brown";"Human";"Black";198.0;"Marvel Comics";"-";"good";191.0
"Luke Campbell";"Male";"-";"-";"-";-99.0;"NBC - Heroes";"-";"bad";-99.0
"Luke Skywalker";"Male";"blue";"Human";"Blond";168.0;"George Lucas";"-";"good";77.0
"Luna";"Female";"-";"Human";"-";-99.0;"Marvel Comics";"-";"good";-99.0
"Lyja";"Female";"green";"-";"Green";-99.0;"Marvel Comics";"-";"good";-99.0
"Mach-IV";"Male";"brown";"-";"Brown";180.0;"Marvel Comics";"-";"bad";79.0
"Machine Man";"-";"red";"-";"Black";183.0;"Marvel Comics";"-";"good";383.0
"Magneto";"Male";"grey";"Mutant";"White";188.0;"Marvel Comics";"-";"bad";86.0
"Magog";"Male";"blue";"-";"Blond";-99.0;"DC Comics";"-";"good";-99.0
"Magus";"Male";"black";"-";"-";183.0;"Marvel Comics";"-";"bad";-99.0
"Man of Miracles";"-";"blue";"God / Eternal";"Silver";-99.0;"Image Comics";"-";"-";-99.0
"Man-Bat";"Male";"brown";"Human";"Brown";-99.0;"DC Comics";"-";"neutral";-99.0
"Man-Thing";"Male";"red";"-";"No Hair";213.0;"Marvel Comics";"green";"good";225.0
"Man-Wolf";"Male";"brown";"-";"Auburn";188.0;"Marvel Comics";"-";"good";90.0
"Mandarin";"Male";"blue";"Human";"White";188.0;"Marvel Comics";"-";"bad";97.0
"Mantis";"Female";"green";"Human-Kree";"Black";168.0;"Marvel Comics";"green";"good";52.0
"Martian Manhunter";"Male";"red";"Martian";"No Hair";201.0;"DC Comics";"green";"good";135.0
"Marvel Girl";"Female";"green";"-";"Red";170.0;"Marvel Comics";"-";"good";56.0
"Master Brood";"Male";"blue";"-";"Black";183.0;"Team Epic TV";"-";"good";81.0
"Master Chief";"Male";"brown";"Human / Altered";"Brown";213.0;"Microsoft";"-";"good";-99.0
"Match";"Male";"black";"-";"Black";-99.0;"DC Comics";"-";"bad";-99.0
"Matt Parkman";"Male";"-";"-";"-";-99.0;"NBC - Heroes";"-";"good";-99.0
"Maverick";"Male";"blue";"-";"Black";193.0;"Marvel Comics";"-";"good";110.0
"Maxima";"Female";"brown";"-";"Red";180.0;"DC Comics";"-";"bad";72.0
"Maya Herrera";"Female";"-";"-";"-";-99.0;"NBC - Heroes";"-";"good";-99.0
"Medusa";"Female";"green";"Inhuman";"Red";180.0;"Marvel Comics";"-";"good";59.0
"Meltdown";"Female";"blue";"-";"Blond";165.0;"Marvel Comics";"-";"good";54.0
"Mephisto";"Male";"white";"-";"Black";198.0;"Marvel Comics";"-";"bad";140.0
"Mera";"Female";"blue";"Atlantean";"Red";175.0;"DC Comics";"-";"good";72.0
"Metallo";"Male";"green";"Android";"Brown";196.0;"DC Comics";"-";"bad";90.0
"Metamorpho";"Male";"black";"-";"No Hair";185.0;"DC Comics";"-";"good";90.0
"Meteorite";"Female";"-";"-";"-";-99.0;"Marvel Comics";"-";"good";-99.0
"Metron";"Male";"blue";"-";"Black";185.0;"DC Comics";"-";"good";86.0
"Micah Sanders";"Male";"brown";"-";"Black";-99.0;"NBC - Heroes";"-";"good";-99.0
"Michelangelo";"Male";"blue";"Mutant";"-";-99.0;"IDW Publishing";"green";"good";-99.0
"Micro Lad";"Male";"grey";"-";"Brown";183.0;"DC Comics";"-";"good";77.0
"Mimic";"Male";"brown";"-";"Brown";188.0;"Marvel Comics";"-";"good";101.0
"Minna Murray";"Female";"-";"-";"-";-99.0;"Wildstorm";"-";"good";-99.0
"Misfit";"Female";"blue";"-";"Red";-99.0;"DC Comics";"-";"good";-99.0
"Miss Martian";"Female";"red";"-";"Red";178.0;"DC Comics";"-";"good";61.0
"Mister Fantastic";"Male";"brown";"Human / Radiation";"Brown";185.0;"Marvel Comics";"-";"good";81.0
"Mister Freeze";"Male";"-";"Human";"-";183.0;"DC Comics";"-";"bad";86.0
"Mister Knife";"Male";"blue";"Spartoi";"Brown";-99.0;"Marvel Comics";"-";"bad";-99.0
"Mister Mxyzptlk";"Male";"-";"God / Eternal";"-";-99.0;"DC Comics";"-";"bad";-99.0
"Mister Sinister";"Male";"red";"Human / Altered";"Black";196.0;"Marvel Comics";"-";"bad";128.0
"Mister Zsasz";"Male";"blue";"Human";"Blond";-99.0;"DC Comics";"-";"bad";-99.0
"Mockingbird";"Female";"blue";"Human";"Blond";175.0;"Marvel Comics";"-";"good";61.0
"MODOK";"Male";"white";"Cyborg";"Brownn";366.0;"Marvel Comics";"-";"bad";338.0
"Mogo";"Male";"-";"Planet";"-";-99.0;"DC Comics";"-";"good";-99.0
"Mohinder Suresh";"Male";"-";"-";"-";-99.0;"NBC - Heroes";"-";"good";-99.0
"Moloch";"Male";"-";"-";"-";-99.0;"DC Comics";"-";"bad";-99.0
"Molten Man";"Male";"gold";"-";"Gold";196.0;"Marvel Comics";"-";"bad";248.0
"Monarch";"Male";"blue";"-";"White";193.0;"DC Comics";"-";"good";90.0
"Monica Dawson";"Female";"-";"-";"-";-99.0;"NBC - Heroes";"-";"good";-99.0
"Moon Knight";"Male";"brown";"Human";"Brown";188.0;"Marvel Comics";"-";"good";101.0
"Moonstone";"Female";"blue";"-";"Blond";180.0;"Marvel Comics";"-";"bad";59.0
"Morlun";"Male";"white / red";"-";"Black";188.0;"Marvel Comics";"-";"bad";79.0
"Morph";"Male";"white";"-";"No Hair";178.0;"Marvel Comics";"-";"good";79.0
"Moses Magnum";"Male";"brown";"-";"Black";175.0;"Marvel Comics";"-";"bad";72.0
"Mr Immortal";"Male";"blue";"Mutant";"Blond";188.0;"Marvel Comics";"-";"good";70.0
"Mr Incredible";"Male";"blue";"Human";"Blond";201.0;"Dark Horse Comics";"-";"good";158.0
"Ms Marvel II";"Female";"blue";"-";"Red";173.0;"Marvel Comics";"-";"good";61.0
"Multiple Man";"Male";"blue";"-";"Brown";180.0;"Marvel Comics";"-";"good";70.0
"Mysterio";"Male";"brown";"Human";"No Hair";180.0;"Marvel Comics";"-";"bad";79.0
"Mystique";"Female";"yellow (without irises)";"Mutant";"Red / Orange";178.0;"Marvel Comics";"blue";"bad";54.0
"Namor";"Male";"-";"-";"-";-99.0;"Marvel Comics";"-";"good";-99.0
"Namor";"Male";"grey";"Atlantean";"Black";188.0;"Marvel Comics";"-";"good";125.0
"Namora";"Female";"blue";"-";"Blond";180.0;"Marvel Comics";"-";"good";85.0
"Namorita";"Female";"blue";"-";"Blond";168.0;"Marvel Comics";"-";"good";101.0
"Naruto Uzumaki";"Male";"-";"Human";"-";168.0;"Shueisha";"-";"good";54.0
"Nathan Petrelli";"Male";"brown";"-";"-";-99.0;"NBC - Heroes";"-";"good";-99.0
"Nebula";"Female";"blue";"Luphomoid";"No Hair";185.0;"Marvel Comics";"blue";"bad";83.0
"Negasonic Teenage Warhead";"Female";"black";"Mutant";"Black";-99.0;"Marvel Comics";"-";"good";-99.0
"Nick Fury";"Male";"brown";"Human";"Brown / White";185.0;"Marvel Comics";"-";"good";99.0
"Nightcrawler";"Male";"yellow";"-";"Indigo";175.0;"Marvel Comics";"-";"good";88.0
"Nightwing";"Male";"blue";"Human";"Black";178.0;"DC Comics";"-";"good";79.0
"Niki Sanders";"Female";"blue";"-";"Blond";-99.0;"NBC - Heroes";"-";"good";-99.0
"Nina Theroux";"Female";"-";"Alpha";"-";-99.0;"SyFy";"-";"good";-99.0
"Nite Owl II";"Male";"-";"-";"-";-99.0;"DC Comics";"-";"good";-99.0
"Northstar";"Male";"blue";"-";"Black";180.0;"Marvel Comics";"-";"good";83.0
"Nova";"Male";"brown";"Human";"Brown";185.0;"Marvel Comics";"-";"good";86.0
"Nova";"Female";"white";"Human / Cosmic";"Red";163.0;"Marvel Comics";"gold";"good";59.0
"Odin";"Male";"blue";"God / Eternal";"White";206.0;"Marvel Comics";"-";"good";293.0
"Offspring";"Male";"-";"-";"-";-99.0;"DC Comics";"-";"good";-99.0
"Omega Red";"Male";"red";"-";"Blond";211.0;"Marvel Comics";"-";"bad";191.0
"Omniscient";"Male";"brown";"-";"Black";180.0;"Team Epic TV";"-";"good";65.0
"One Punch Man";"Male";"-";"Human";"No Hair";175.0;"Shueisha";"-";"good";69.0
"One-Above-All";"-";"-";"Cosmic Entity";"-";-99.0;"Marvel Comics";"-";"neutral";-99.0
"Onslaught";"Male";"red";"Mutant";"No Hair";305.0;"Marvel Comics";"-";"bad";405.0
"Oracle";"Female";"blue";"Human";"Red";178.0;"DC Comics";"-";"good";59.0
"Osiris";"Male";"brown";"-";"Brown";-99.0;"DC Comics";"-";"good";-99.0
"Overtkill";"Male";"-";"-";"-";-99.0;"Image Comics";"-";"bad";-99.0
"Ozymandias";"Male";"blue";"Human";"Blond";-99.0;"DC Comics";"-";"bad";-99.0
"Parademon";"-";"-";"Parademon";"-";-99.0;"DC Comics";"-";"bad";-99.0
"Paul Blart";"Male";"-";"Human";"-";170.0;"Sony Pictures";"-";"good";117.0
"Penance";"-";"-";"-";"-";-99.0;"Marvel Comics";"-";"good";-99.0
"Penance I";"Female";"-";"-";"-";-99.0;"Marvel Comics";"-";"good";-99.0
"Penance II";"Male";"blue";"-";"Blond";183.0;"Marvel Comics";"-";"good";89.0
"Penguin";"Male";"blue";"Human";"Black";157.0;"DC Comics";"-";"bad";79.0
"Peter Petrelli";"Male";"-";"-";"-";-99.0;"NBC - Heroes";"-";"good";-99.0
"Phantom";"Male";"-";"-";"-";-99.0;"DC Comics";"-";"good";-99.0
"Phantom Girl";"Female";"blue";"-";"Black";168.0;"DC Comics";"-";"good";54.0
"Phoenix";"Female";"green";"Mutant";"Red";168.0;"Marvel Comics";"-";"good";52.0
"Plantman";"Male";"green";"Mutant";"Grey";183.0;"Marvel Comics";"-";"bad";87.0
"Plastic Lad";"Male";"-";"-";"-";-99.0;"DC Comics";"-";"good";-99.0
"Plastic Man";"Male";"blue";"Human";"Black";185.0;"DC Comics";"-";"good";80.0
"Plastique";"Female";"blue";"-";"Red";168.0;"DC Comics";"-";"bad";55.0
"Poison Ivy";"Female";"green";"Human";"Red";168.0;"DC Comics";"green";"bad";50.0
"Polaris";"Female";"green";"Mutant";"Green";170.0;"Marvel Comics";"-";"good";52.0
"Power Girl";"Female";"blue";"Kryptonian";"blond";180.0;"DC Comics";"-";"good";81.0
"Power Man";"Male";"-";"Mutant";"-";-99.0;"Marvel Comics";"-";"good";-99.0
"Predator";"Male";"-";"Yautja";"-";213.0;"Dark Horse Comics";"-";"bad";234.0
"Professor X";"Male";"blue";"Mutant";"No Hair";183.0;"Marvel Comics";"-";"good";86.0
"Professor Zoom";"Male";"blue";"Human";"Strawberry Blond";180.0;"DC Comics";"-";"bad";81.0
"Proto-Goblin";"Male";"green";"-";"Blond";-99.0;"Marvel Comics";"-";"bad";-99.0
"Psylocke";"Female";"blue";"Mutant";"Purple";180.0;"Marvel Comics";"-";"good";70.0
"Punisher";"Male";"blue";"Human";"Black";183.0;"Marvel Comics";"-";"good";90.0
"Purple Man";"Male";"purple";"Human";"Purple";180.0;"Marvel Comics";"purple";"bad";74.0
"Pyro";"Male";"blue";"-";"Blond";178.0;"Marvel Comics";"-";"bad";68.0
"Q";"Male";"-";"God / Eternal";"-";-99.0;"Star Trek";"-";"-";-99.0
"Quantum";"Male";"-";"-";"-";-99.0;"HarperCollins";"-";"good";-99.0
"Question";"Male";"blue";"Human";"Blond";188.0;"DC Comics";"-";"good";83.0
"Quicksilver";"Male";"blue";"Mutant";"Silver";183.0;"Marvel Comics";"-";"good";79.0
"Quill";"Male";"brown";"-";"Brown";163.0;"Marvel Comics";"-";"good";56.0
"Ra's Al Ghul";"Male";"green";"Human";"Grey";193.0;"DC Comics";"-";"bad";97.0
"Rachel Pirzad";"Female";"-";"Alpha";"-";-99.0;"SyFy";"-";"good";-99.0
"Rambo";"Male";"brown";"Human";"Black";178.0;"";"-";"good";83.0
"Raphael";"Male";"-";"Mutant";"No Hair";-99.0;"IDW Publishing";"green";"good";-99.0
"Raven";"Female";"indigo";"Human";"Black";165.0;"DC Comics";"-";"neutral";50.0
"Ray";"Male";"green";"Human";"Red";178.0;"DC Comics";"-";"good";70.0
"Razor-Fist II";"Male";"blue";"-";"No Hair";191.0;"Marvel Comics";"-";"bad";117.0
"Red Arrow";"Male";"green";"Human";"Red";180.0;"DC Comics";"-";"good";83.0
"Red Hood";"Male";"blue";"Human";"Black";183.0;"DC Comics";"-";"neutral";81.0
"Red Hulk";"Male";"yellow";"Human / Radiation";"Black";213.0;"Marvel Comics";"red";"neutral";630.0
"Red Mist";"Male";"-";"-";"-";-99.0;"Icon Comics";"-";"bad";-99.0
"Red Robin";"Male";"blue";"Human";"Black";165.0;"DC Comics";"-";"good";56.0
"Red Skull";"Male";"blue";"-";"No Hair";188.0;"Marvel Comics";"-";"bad";108.0
"Red Tornado";"Male";"green";"Android";"No Hair";185.0;"DC Comics";"-";"good";146.0
"Redeemer II";"Male";"-";"-";"-";-99.0;"Image Comics";"-";"bad";-99.0
"Redeemer III";"Male";"-";"-";"-";-99.0;"Image Comics";"-";"bad";-99.0
"Renata Soliz";"Female";"-";"-";"-";-99.0;"HarperCollins";"-";"good";-99.0
"Rey";"Female";"hazel";"Human";"Brown";297.0;"George Lucas";"-";"good";-99.0
"Rhino";"Male";"brown";"Human / Radiation";"Brown";196.0;"Marvel Comics";"-";"bad";320.0
"Rick Flag";"Male";"blue";"-";"Brown";185.0;"DC Comics";"-";"bad";85.0
"Riddler";"Male";"-";"-";"-";-99.0;"DC Comics";"-";"bad";-99.0
"Rip Hunter";"Male";"blue";"Human";"Blond";-99.0;"DC Comics";"-";"good";-99.0
"Ripcord";"Female";"green";"-";"Black";180.0;"Marvel Comics";"-";"good";72.0
"Robin";"Male";"blue";"Human";"Black";178.0;"DC Comics";"-";"good";79.0
"Robin II";"Male";"blue";"Human";"Red";183.0;"DC Comics";"-";"good";101.0
"Robin III";"Male";"blue";"Human";"Black";165.0;"DC Comics";"-";"good";56.0
"Robin V";"Male";"blue";"Human";"Black";137.0;"DC Comics";"-";"good";38.0
"Robin VI";"Female";"green";"Human";"Red";-99.0;"DC Comics";"-";"neutral";-99.0
"Rocket Raccoon";"Male";"brown";"Animal";"Brown";122.0;"Marvel Comics";"-";"good";25.0
"Rogue";"Female";"green";"-";"Brown / White";173.0;"Marvel Comics";"-";"good";54.0
"Ronin";"Male";"blue";"Human";"Blond";191.0;"Marvel Comics";"-";"good";104.0
"Rorschach";"Male";"blue";"Human";"Red";168.0;"DC Comics";"-";"good";63.0
"Sabretooth";"Male";"amber";"Mutant";"Blond";198.0;"Marvel Comics";"-";"bad";171.0
"Sage";"Female";"blue";"-";"Black";170.0;"Marvel Comics";"-";"good";61.0
"Sandman";"Male";"brown";"Human";"Brown";185.0;"Marvel Comics";"-";"neutral";203.0
"Sasquatch";"Male";"red";"-";"Orange";305.0;"Marvel Comics";"-";"good";900.0
"Sauron";"Male";"-";"Maiar";"-";279.0;"J. R. R. Tolkien";"-";"bad";-99.0
"Savage Dragon";"Male";"-";"-";"-";-99.0;"Image Comics";"-";"good";-99.0
"Scarecrow";"Male";"blue";"Human";"Brown";183.0;"DC Comics";"-";"bad";63.0
"Scarlet Spider";"Male";"blue";"Human";"Blond";178.0;"Marvel Comics";"-";"good";74.0
"Scarlet Spider II";"Male";"brown";"Clone";"Brown";193.0;"Marvel Comics";"-";"good";113.0
"Scarlet Witch";"Female";"blue";"Mutant";"Brown";170.0;"Marvel Comics";"-";"bad";59.0
"Scorpia";"Female";"green";"-";"Red";-99.0;"Marvel Comics";"-";"bad";-99.0
"Scorpion";"Male";"brown";"Human";"Brown";211.0;"Marvel Comics";"-";"bad";310.0
"Sebastian Shaw";"Male";"-";"Mutant";"-";-99.0;"Marvel Comics";"-";"bad";-99.0
"Sentry";"Male";"blue";"Mutant";"Blond";188.0;"Marvel Comics";"-";"neutral";87.0
"Shadow King";"-";"red";"-";"-";185.0;"Marvel Comics";"-";"good";149.0
"Shadow Lass";"Female";"black";"Talokite";"Black";173.0;"DC Comics";"blue";"good";54.0
"Shadowcat";"Female";"hazel";"Mutant";"Brown";168.0;"Marvel Comics";"-";"good";50.0
"Shang-Chi";"Male";"brown";"Human";"Black";178.0;"Marvel Comics";"-";"good";79.0
"Shatterstar";"Male";"brown";"-";"Red";191.0;"Marvel Comics";"-";"good";88.0
"She-Hulk";"Female";"green";"Human";"Green";201.0;"Marvel Comics";"-";"good";315.0
"She-Thing";"Female";"blue";"Human / Radiation";"No Hair";183.0;"Marvel Comics";"-";"good";153.0
"Shocker";"Male";"brown";"Human";"Brown";175.0;"Marvel Comics";"-";"bad";79.0
"Shriek";"Female";"yellow / blue";"-";"Black";173.0;"Marvel Comics";"-";"good";52.0
"Shrinking Violet";"Female";"-";"-";"-";-99.0;"DC Comics";"-";"good";-99.0
"Sif";"Female";"blue";"Asgardian";"Black";188.0;"Marvel Comics";"-";"good";191.0
"Silk";"Female";"brown";"Human";"Black";-99.0;"Marvel Comics";"-";"good";-99.0
"Silk Spectre";"Female";"-";"-";"-";-99.0;"DC Comics";"-";"good";-99.0
"Silk Spectre II";"Female";"-";"-";"-";-99.0;"DC Comics";"-";"good";-99.0
"Silver Surfer";"Male";"white";"Alien";"No Hair";193.0;"Marvel Comics";"silver";"good";101.0
"Silverclaw";"Female";"brown";"-";"Black";157.0;"Marvel Comics";"-";"good";50.0
"Simon Baz";"Male";"bown";"Human";"Black";-99.0;"DC Comics";"-";"good";-99.0
"Sinestro";"Male";"black";"Korugaran";"Black";201.0;"DC Comics";"red";"neutral";92.0
"Siren";"Female";"blue";"Atlantean";"Purple";175.0;"DC Comics";"-";"bad";72.0
"Siren II";"Female";"black";"-";"-";-99.0;"DC Comics";"-";"bad";-99.0
"Siryn";"Female";"blue";"-";"Strawberry Blond";168.0;"Marvel Comics";"-";"bad";52.0
"Skaar";"Male";"green";"-";"Black";198.0;"Marvel Comics";"-";"good";180.0
"Snake-Eyes";"Male";"-";"Animal";"-";-99.0;"Marvel Comics";"-";"bad";-99.0
"Snowbird";"Female";"white";"-";"Blond";178.0;"Marvel Comics";"-";"good";49.0
"Sobek";"Male";"white";"-";"No Hair";-99.0;"DC Comics";"-";"good";-99.0
"Solomon Grundy";"Male";"black";"Zombie";"White";279.0;"DC Comics";"-";"bad";437.0
"Songbird";"Female";"green";"-";"Red / White";165.0;"Marvel Comics";"-";"good";65.0
"Space Ghost";"Male";"-";"Human";"-";188.0;"DC Comics";"-";"good";113.0
"Spawn";"Male";"brown";"Demon";"Black";211.0;"Image Comics";"-";"good";405.0
"Spectre";"Male";"white";"God / Eternal";"No Hair";-99.0;"DC Comics";"white";"good";-99.0
"Speedball";"Male";"-";"-";"-";-99.0;"Marvel Comics";"-";"good";-99.0
"Speedy";"Male";"-";"Human";"-";-99.0;"DC Comics";"-";"good";-99.0
"Speedy";"Female";"green";"Human";"Brown";-99.0;"DC Comics";"-";"good";-99.0
"Spider-Carnage";"Male";"-";"Symbiote";"-";-99.0;"Marvel Comics";"-";"bad";-99.0
"Spider-Girl";"Female";"blue";"Human";"Brown";170.0;"Marvel Comics";"-";"good";54.0
"Spider-Gwen";"Female";"blue";"Human";"Blond";165.0;"Marvel Comics";"-";"good";56.0
"Spider-Man";"Male";"hazel";"Human";"Brown";178.0;"Marvel Comics";"-";"good";74.0
"Spider-Man";"-";"red";"Human";"Brown";178.0;"Marvel Comics";"-";"good";77.0
"Spider-Man";"Male";"brown";"Human";"Black";157.0;"Marvel Comics";"-";"good";56.0
"Spider-Woman";"Female";"green";"Human";"Black";178.0;"Marvel Comics";"-";"good";59.0
"Spider-Woman II";"Female";"-";"-";"-";-99.0;"Marvel Comics";"-";"good";-99.0
"Spider-Woman III";"Female";"brown";"-";"Brown";173.0;"Marvel Comics";"-";"good";55.0
"Spider-Woman IV";"Female";"red";"-";"White";178.0;"Marvel Comics";"-";"bad";58.0
"Spock";"Male";"brown";"Human-Vulcan";"Black";185.0;"Star Trek";"-";"good";81.0
"Spyke";"Male";"brown";"Mutant";"Blond";183.0;"Marvel Comics";"-";"good";83.0
"Stacy X";"Female";"-";"-";"-";-99.0;"Marvel Comics";"-";"good";-99.0
"Star-Lord";"Male";"blue";"Human-Spartoi";"Blond";188.0;"Marvel Comics";"-";"good";79.0
"Stardust";"Male";"-";"-";"-";-99.0;"Marvel Comics";"-";"good";-99.0
"Starfire";"Female";"green";"Tamaranean";"Auburn";193.0;"DC Comics";"orange";"good";71.0
"Stargirl";"Female";"blue";"Human";"Blond";165.0;"DC Comics";"-";"good";62.0
"Static";"Male";"brown";"Mutant";"Black";170.0;"DC Comics";"-";"good";63.0
"Steel";"Male";"brown";"-";"No Hair";201.0;"DC Comics";"-";"good";131.0
"Stephanie Powell";"Female";"-";"-";"Blond";-99.0;"ABC Studios";"-";"good";-99.0
"Steppenwolf";"Male";"red";"New God";"Black";183.0;"DC Comics";"white";"bad";91.0
"Storm";"Female";"blue";"Mutant";"White";180.0;"Marvel Comics";"-";"good";57.0
"Stormtrooper";"Male";"-";"Human";"-";183.0;"George Lucas";"-";"bad";-99.0
"Sunspot";"Male";"brown";"Mutant";"black";173.0;"Marvel Comics";"-";"good";77.0
"Superboy";"Male";"blue";"-";"Black";170.0;"DC Comics";"-";"good";68.0
"Superboy-Prime";"Male";"blue";"Kryptonian";"Black / Blue";180.0;"DC Comics";"-";"bad";77.0
"Supergirl";"Female";"blue";"Kryptonian";"Blond";165.0;"DC Comics";"-";"good";54.0
"Superman";"Male";"blue";"Kryptonian";"Black";191.0;"DC Comics";"-";"good";101.0
"Swamp Thing";"Male";"red";"God / Eternal";"No Hair";-99.0;"DC Comics";"green";"bad";-99.0
"Swarm";"Male";"yellow";"Mutant";"No Hair";196.0;"Marvel Comics";"yellow";"bad";47.0
"Sylar";"Male";"-";"-";"-";-99.0;"NBC - Heroes";"-";"bad";-99.0
"Synch";"Male";"brown";"-";"Black";180.0;"Marvel Comics";"-";"good";74.0
"T-1000";"Male";"-";"Android";"-";183.0;"Dark Horse Comics";"silver";"bad";146.0
"T-800";"Male";"red";"Cyborg";"-";-99.0;"Dark Horse Comics";"-";"bad";176.0
"T-850";"Male";"red";"Cyborg";"-";-99.0;"Dark Horse Comics";"-";"bad";198.0
"T-X";"Female";"-";"Cyborg";"-";-99.0;"Dark Horse Comics";"silver";"bad";149.0
"Taskmaster";"Male";"brown";"Human";"Brown";188.0;"Marvel Comics";"-";"bad";99.0
"Tempest";"Female";"brown";"-";"Black";163.0;"Marvel Comics";"-";"good";54.0
"Thanos";"Male";"red";"Eternal";"No Hair";201.0;"Marvel Comics";"purple";"bad";443.0
"The Cape";"Male";"-";"-";"-";-99.0;"";"-";"good";-99.0
"The Comedian";"Male";"brown";"Human";"Black";188.0;"DC Comics";"-";"neutral";101.0
"Thing";"Male";"blue";"Human / Radiation";"No Hair";183.0;"Marvel Comics";"-";"good";225.0
"Thor";"Male";"blue";"Asgardian";"Blond";198.0;"Marvel Comics";"-";"good";288.0
"Thor Girl";"Female";"blue";"Asgardian";"Blond";175.0;"Marvel Comics";"-";"good";143.0
"Thunderbird";"Male";"brown";"-";"Black";185.0;"Marvel Comics";"-";"good";101.0
"Thunderbird II";"Male";"-";"-";"-";-99.0;"Marvel Comics";"-";"good";-99.0
"Thunderbird III";"Male";"brown";"-";"Black";175.0;"Marvel Comics";"-";"good";74.0
"Thunderstrike";"Male";"blue";"-";"Blond";198.0;"Marvel Comics";"-";"good";288.0
"Thundra";"Female";"green";"-";"Red";218.0;"Marvel Comics";"-";"good";158.0
"Tiger Shark";"Male";"grey";"Human";"No Hair";185.0;"Marvel Comics";"grey";"bad";203.0
"Tigra";"Female";"green";"-";"Auburn";178.0;"Marvel Comics";"-";"good";81.0
"Tinkerer";"Male";"brown";"-";"White";163.0;"Marvel Comics";"-";"bad";54.0
"Titan";"Male";"-";"-";"-";-99.0;"HarperCollins";"-";"good";-99.0
"Toad";"Male";"black";"Mutant";"Brown";175.0;"Marvel Comics";"green";"neutral";76.0
"Toxin";"Male";"blue";"Symbiote";"Brown";188.0;"Marvel Comics";"-";"good";97.0
"Toxin";"Male";"black";"Symbiote";"Blond";191.0;"Marvel Comics";"-";"good";117.0
"Tracy Strauss";"Female";"-";"-";"-";-99.0;"NBC - Heroes";"-";"good";-99.0
"Trickster";"Male";"blue";"Human";"Blond";183.0;"DC Comics";"-";"-";81.0
"Trigon";"Male";"yellow";"God / Eternal";"Black";-99.0;"DC Comics";"red";"bad";-99.0
"Triplicate Girl";"Female";"purple";"-";"Brown";168.0;"DC Comics";"-";"good";59.0
"Triton";"Male";"green";"Inhuman";"No Hair";188.0;"Marvel Comics";"green";"good";86.0
"Two-Face";"Male";"-";"-";"-";183.0;"DC Comics";"-";"bad";82.0
"Ultragirl";"Female";"blue";"-";"Blond";168.0;"Marvel Comics";"-";"good";105.0
"Ultron";"Male";"red";"Android";"-";206.0;"Marvel Comics";"silver";"bad";331.0
"Utgard-Loki";"Male";"blue";"Frost Giant";"White";15.2;"Marvel Comics";"-";"bad";58.0
"Vagabond";"Female";"blue";"-";"Strawberry Blond";168.0;"Marvel Comics";"-";"good";54.0
"Valerie Hart";"Female";"hazel";"-";"Black";175.0;"Team Epic TV";"-";"good";56.0
"Valkyrie";"Female";"blue";"-";"Blond";191.0;"Marvel Comics";"-";"good";214.0
"Vanisher";"Male";"green";"-";"No Hair";165.0;"Marvel Comics";"-";"bad";79.0
"Vegeta";"Male";"-";"Saiyan";"Black";168.0;"Shueisha";"-";"bad";73.0
"Venom";"Male";"blue";"Symbiote";"Strawberry Blond";191.0;"Marvel Comics";"-";"bad";117.0
"Venom II";"Male";"brown";"-";"Black";175.0;"Marvel Comics";"-";"bad";50.0
"Venom III";"Male";"brown";"Symbiote";"Brown";229.0;"Marvel Comics";"-";"bad";334.0
"Venompool";"Male";"-";"Symbiote";"-";226.0;"Marvel Comics";"-";"-";-99.0
"Vertigo II";"Female";"blue";"-";"Silver";168.0;"Marvel Comics";"-";"good";52.0
"Vibe";"Male";"brown";"Human";"Black";178.0;"DC Comics";"-";"good";71.0
"Vindicator";"Female";"green";"Human";"Red";165.0;"Marvel Comics";"-";"good";54.0
"Vindicator";"Male";"-";"-";"-";-99.0;"Marvel Comics";"-";"good";-99.0
"Violator";"Male";"-";"-";"-";-99.0;"Image Comics";"-";"bad";-99.0
"Violet Parr";"Female";"violet";"Human";"Black";137.0;"Dark Horse Comics";"-";"good";41.0
"Vision";"Male";"gold";"Android";"No Hair";191.0;"Marvel Comics";"red";"good";135.0
"Vision II";"-";"red";"-";"No Hair";191.0;"Marvel Comics";"-";"good";135.0
"Vixen";"Female";"amber";"Human";"Black";175.0;"DC Comics";"-";"good";63.0
"Vulcan";"Male";"black";"-";"Black";-99.0;"Marvel Comics";"-";"good";-99.0
"Vulture";"Male";"brown";"Human";"No Hair";180.0;"Marvel Comics";"-";"bad";79.0
"Walrus";"Male";"blue";"Human";"Black";183.0;"Marvel Comics";"-";"bad";162.0
"War Machine";"Male";"brown";"Human";"Brown";185.0;"Marvel Comics";"-";"good";95.0
"Warbird";"Female";"blue";"-";"Blond";180.0;"Marvel Comics";"-";"good";54.0
"Warlock";"Male";"red";"-";"Blond";188.0;"Marvel Comics";"-";"good";108.0
"Warp";"Male";"brown";"-";"Black";173.0;"DC Comics";"-";"bad";67.0
"Warpath";"Male";"brown";"Mutant";"Black";218.0;"Marvel Comics";"-";"good";158.0
"Wasp";"Female";"blue";"Human";"Auburn";163.0;"Marvel Comics";"-";"good";50.0
"Watcher";"Male";"-";"-";"-";-99.0;"Marvel Comics";"-";"good";-99.0
"Weapon XI";"Male";"-";"-";"-";-99.0;"Marvel Comics";"-";"bad";-99.0
"White Canary";"Female";"brown";"Human";"Black";-99.0;"DC Comics";"-";"bad";-99.0
"White Queen";"Female";"blue";"-";"Blond";178.0;"Marvel Comics";"-";"good";65.0
"Wildfire";"Male";"-";"-";"-";-99.0;"DC Comics";"-";"good";-99.0
"Winter Soldier";"Male";"brown";"Human";"Brown";175.0;"Marvel Comics";"-";"good";117.0
"Wiz Kid";"-";"brown";"-";"Black";140.0;"Marvel Comics";"-";"good";39.0
"Wolfsbane";"Female";"green";"-";"Auburn";366.0;"Marvel Comics";"-";"good";473.0
"Wolverine";"Male";"blue";"Mutant";"Black";160.0;"Marvel Comics";"-";"good";135.0
"Wonder Girl";"Female";"blue";"Demi-God";"Blond";165.0;"DC Comics";"-";"good";51.0
"Wonder Man";"Male";"red";"-";"Black";188.0;"Marvel Comics";"-";"good";171.0
"Wonder Woman";"Female";"blue";"Amazon";"Black";183.0;"DC Comics";"-";"good";74.0
"Wondra";"Female";"-";"-";"-";-99.0;"Marvel Comics";"-";"good";-99.0
"Wyatt Wingfoot";"Male";"brown";"-";"Black";196.0;"Marvel Comics";"-";"good";117.0
"X-23";"Female";"green";"Mutant / Clone";"Black";155.0;"Marvel Comics";"-";"good";50.0
"X-Man";"Male";"blue";"-";"Brown";175.0;"Marvel Comics";"-";"good";61.0
"Yellow Claw";"Male";"blue";"-";"No Hair";188.0;"Marvel Comics";"-";"bad";95.0
"Yellowjacket";"Male";"blue";"Human";"Blond";183.0;"Marvel Comics";"-";"good";83.0
"Yellowjacket II";"Female";"blue";"Human";"Strawberry Blond";165.0;"Marvel Comics";"-";"good";52.0
"Ymir";"Male";"white";"Frost Giant";"No Hair";304.8;"Marvel Comics";"white";"good";-99.0
"Yoda";"Male";"brown";"Yoda's species";"White";66.0;"George Lucas";"green";"good";17.0
"Zatanna";"Female";"blue";"Human";"Black";170.0;"DC Comics";"-";"good";57.0
"Zoom";"Male";"red";"-";"Brown";185.0;"DC Comics";"-";"bad";81.0
